{
  "toggle_mod": true,
  "animation_speed": 310,
  "curve_points": [
    [
      0.2416525,
      0.5995311
    ],
    [
      0.53347164,
      0.9074544
    ]
  ]
}